RowID,SmallDate,Min,Max,Race
4027,"01/01",0,40,"Fall"
4028,"01/02",0,40,"Fall"
4029,"01/03",0,40,"Fall"
4030,"01/04",0,40,"Fall"
4031,"01/05",0,41,"Fall"
4032,"01/06",0,41,"Fall"
4033,"01/07",0,41,"Fall"
4034,"01/08",0,42,"Fall"
4035,"01/09",0,42,"Fall"
4036,"01/10",0,42,"Fall"
4037,"01/11",0,42,"Fall"
4038,"01/12",0,43,"Fall"
4039,"01/13",0,43,"Fall"
4040,"01/14",0,43,"Fall"
4041,"01/15",0,44,"Fall"
4042,"01/16",0,44,"Fall"
4043,"01/17",0,44,"Fall"
4044,"01/18",0,44,"Fall"
4045,"01/19",0,45,"Fall"
4046,"01/20",0,45,"Fall"
4047,"01/21",0,45,"Fall"
4048,"01/22",0,46,"Fall"
4049,"01/23",0,46,"Fall"
4050,"01/24",0,46,"Fall"
4051,"01/25",0,47,"Fall"
4052,"01/26",0,47,"Fall"
4053,"01/27",0,47,"Fall"
4054,"01/28",0,48,"Fall"
4055,"01/29",0,48,"Fall"
4056,"01/30",0,48,"Fall"
4057,"01/31",0,49,"Fall"
4058,"02/01",0,49,"Fall"
4059,"02/02",0,49,"Fall"
4060,"02/03",0,49,"Fall"
4061,"02/04",0,50,"Fall"
4062,"02/05",0,50,"Fall"
4063,"02/06",0,50,"Fall"
4064,"02/07",0,51,"Fall"
4065,"02/08",0,51,"Fall"
4066,"02/09",0,52,"Fall"
4067,"02/10",0,52,"Fall"
4068,"02/11",0,52,"Fall"
4069,"02/12",0,53,"Fall"
4070,"02/13",0,53,"Fall"
4071,"02/14",0,53,"Fall"
4072,"02/15",0,54,"Fall"
4073,"02/16",0,54,"Fall"
4074,"02/17",0,54,"Fall"
4075,"02/18",0,55,"Fall"
4076,"02/19",0,55,"Fall"
4077,"02/20",0,55,"Fall"
4078,"02/21",0,56,"Fall"
4079,"02/22",0,56,"Fall"
4080,"02/23",0,57,"Fall"
4081,"02/24",0,57,"Fall"
4082,"02/25",0,57,"Fall"
4083,"02/26",0,58,"Fall"
4084,"02/27",0,58,"Fall"
4085,"02/28",0,58,"Fall"
4086,"02/29",0,58,"Fall"
4087,"03/01",0,59,"Fall"
4088,"03/02",0,59,"Fall"
4089,"03/03",0,60,"Fall"
4090,"03/04",0,60,"Fall"
4091,"03/05",0,60,"Fall"
4092,"03/06",0,61,"Fall"
4093,"03/07",0,61,"Fall"
4094,"03/08",0,62,"Fall"
4095,"03/09",0,62,"Fall"
4096,"03/10",0,63,"Fall"
4097,"03/11",0,63,"Fall"
4098,"03/12",0,63,"Fall"
4099,"03/13",0,64,"Fall"
4100,"03/14",0,64,"Fall"
4101,"03/15",0,65,"Fall"
4102,"03/16",0,65,"Fall"
4103,"03/17",0,66,"Fall"
4104,"03/18",0,66,"Fall"
4105,"03/19",0,66,"Fall"
4106,"03/20",0,67,"Fall"
4107,"03/21",0,67,"Fall"
4108,"03/22",0,68,"Fall"
4109,"03/23",0,68,"Fall"
4110,"03/24",0,69,"Fall"
4111,"03/25",0,69,"Fall"
4112,"03/26",0,70,"Fall"
4113,"03/27",0,70,"Fall"
4114,"03/28",0,71,"Fall"
4115,"03/29",0,71,"Fall"
4116,"03/30",0,71,"Fall"
4117,"03/31",0,72,"Fall"
4362,"12/01",0,32,"Fall"
4363,"12/02",0,32,"Fall"
4364,"12/03",0,33,"Fall"
4365,"12/04",0,33,"Fall"
4366,"12/05",0,33,"Fall"
4367,"12/06",0,33,"Fall"
4368,"12/07",0,33,"Fall"
4369,"12/08",0,34,"Fall"
4370,"12/09",0,34,"Fall"
4371,"12/10",0,34,"Fall"
4372,"12/11",0,34,"Fall"
4373,"12/12",0,35,"Fall"
4374,"12/13",0,35,"Fall"
4375,"12/14",0,35,"Fall"
4376,"12/15",0,35,"Fall"
4377,"12/16",0,36,"Fall"
4378,"12/17",0,36,"Fall"
4379,"12/18",0,36,"Fall"
4380,"12/19",0,36,"Fall"
4381,"12/20",0,37,"Fall"
4382,"12/21",0,37,"Fall"
4383,"12/22",0,37,"Fall"
4384,"12/23",0,37,"Fall"
4385,"12/24",0,38,"Fall"
4386,"12/25",0,38,"Fall"
4387,"12/26",0,38,"Fall"
4388,"12/27",0,38,"Fall"
4389,"12/28",0,39,"Fall"
4390,"12/29",0,39,"Fall"
4391,"12/30",0,39,"Fall"
4392,"12/31",0,39,"Fall"
4393,"01/01",202,270,"Fall"
4394,"01/02",203,270,"Fall"
4395,"01/03",205,270,"Fall"
4396,"01/04",206,270,"Fall"
4397,"01/05",207,270,"Fall"
4398,"01/06",209,270,"Fall"
4399,"01/07",210,270,"Fall"
4400,"01/08",211,270,"Fall"
4401,"01/09",213,270,"Fall"
4402,"01/10",214,270,"Fall"
4403,"01/11",216,270,"Fall"
4404,"01/12",217,270,"Fall"
4405,"01/13",218,270,"Fall"
4406,"01/14",220,270,"Fall"
4407,"01/15",221,270,"Fall"
4408,"01/16",223,270,"Fall"
4409,"01/17",224,270,"Fall"
4410,"01/18",226,270,"Fall"
4411,"01/19",227,270,"Fall"
4412,"01/20",229,270,"Fall"
4413,"01/21",230,270,"Fall"
4414,"01/22",232,270,"Fall"
4415,"01/23",233,270,"Fall"
4416,"01/24",235,270,"Fall"
4417,"01/25",236,270,"Fall"
4418,"01/26",238,270,"Fall"
4419,"01/27",239,270,"Fall"
4420,"01/28",241,270,"Fall"
4421,"01/29",243,270,"Fall"
4422,"01/30",244,270,"Fall"
4423,"01/31",246,270,"Fall"
4424,"02/01",247,270,"Fall"
4425,"02/02",249,270,"Fall"
4426,"02/03",251,270,"Fall"
4427,"02/04",252,270,"Fall"
4428,"02/05",254,270,"Fall"
4429,"02/06",256,270,"Fall"
4430,"02/07",257,270,"Fall"
4431,"02/08",259,270,"Fall"
4432,"02/09",261,270,"Fall"
4433,"02/10",262,270,"Fall"
4434,"02/11",264,270,"Fall"
4435,"02/12",266,270,"Fall"
4436,"02/13",268,270,"Fall"
4437,"02/14",269,270,"Fall"
4438,"02/15",270,270,"Fall"
4484,"04/01",33,72,"Fall"
4485,"04/02",33,73,"Fall"
4486,"04/03",34,73,"Fall"
4487,"04/04",34,74,"Fall"
4488,"04/05",34,74,"Fall"
4489,"04/06",34,75,"Fall"
4490,"04/07",34,75,"Fall"
4491,"04/08",35,76,"Fall"
4492,"04/09",35,76,"Fall"
4493,"04/10",35,77,"Fall"
4494,"04/11",35,77,"Fall"
4495,"04/12",36,78,"Fall"
4496,"04/13",36,78,"Fall"
4497,"04/14",36,79,"Fall"
4498,"04/15",36,79,"Fall"
4499,"04/16",37,80,"Fall"
4500,"04/17",37,81,"Fall"
4501,"04/18",37,81,"Fall"
4502,"04/19",37,82,"Fall"
4503,"04/20",38,82,"Fall"
4504,"04/21",38,83,"Fall"
4505,"04/22",38,83,"Fall"
4506,"04/23",38,84,"Fall"
4507,"04/24",39,84,"Fall"
4508,"04/25",39,85,"Fall"
4509,"04/26",39,86,"Fall"
4510,"04/27",39,86,"Fall"
4511,"04/28",40,87,"Fall"
4512,"04/29",40,87,"Fall"
4513,"04/30",40,88,"Fall"
4514,"05/01",40,88,"Fall"
4515,"05/02",41,89,"Fall"
4516,"05/03",41,90,"Fall"
4517,"05/04",41,90,"Fall"
4518,"05/05",41,91,"Fall"
4519,"05/06",42,91,"Fall"
4520,"05/07",42,92,"Fall"
4521,"05/08",42,93,"Fall"
4522,"05/09",43,93,"Fall"
4523,"05/10",43,94,"Fall"
4524,"05/11",43,94,"Fall"
4525,"05/12",43,95,"Fall"
4526,"05/13",44,96,"Fall"
4527,"05/14",44,96,"Fall"
4528,"05/15",44,97,"Fall"
4529,"05/16",45,98,"Fall"
4530,"05/17",45,98,"Fall"
4531,"05/18",45,99,"Fall"
4532,"05/19",45,100,"Fall"
4533,"05/20",46,100,"Fall"
4534,"05/21",46,101,"Fall"
4535,"05/22",46,102,"Fall"
4536,"05/23",47,102,"Fall"
4537,"05/24",47,103,"Fall"
4538,"05/25",47,104,"Fall"
4539,"05/26",48,104,"Fall"
4540,"05/27",48,105,"Fall"
4541,"05/28",48,106,"Fall"
4542,"05/29",49,106,"Fall"
4543,"05/30",49,107,"Fall"
4544,"05/31",49,108,"Fall"
4545,"06/01",50,109,"Fall"
4546,"06/02",50,109,"Fall"
4547,"06/03",50,110,"Fall"
4548,"06/04",50,111,"Fall"
4549,"06/05",51,111,"Fall"
4550,"06/06",51,112,"Fall"
4551,"06/07",51,113,"Fall"
4552,"06/08",52,114,"Fall"
4553,"06/09",52,114,"Fall"
4554,"06/10",53,115,"Fall"
4555,"06/11",53,116,"Fall"
4556,"06/12",53,117,"Fall"
4557,"06/13",54,118,"Fall"
4558,"06/14",54,118,"Fall"
4559,"06/15",54,119,"Fall"
4560,"06/16",55,120,"Fall"
4561,"06/17",55,121,"Fall"
4562,"06/18",55,122,"Fall"
4563,"06/19",56,122,"Fall"
4564,"06/20",56,123,"Fall"
4565,"06/21",56,124,"Fall"
4566,"06/22",57,125,"Fall"
4567,"06/23",57,126,"Fall"
4568,"06/24",58,126,"Fall"
4569,"06/25",58,127,"Fall"
4570,"06/26",58,128,"Fall"
4571,"06/27",59,129,"Fall"
4572,"06/28",59,130,"Fall"
4573,"06/29",59,131,"Fall"
4574,"06/30",60,132,"Fall"
4575,"07/01",60,132,"Fall"
4576,"07/02",61,133,"Fall"
4577,"07/03",61,134,"Fall"
4578,"07/04",61,135,"Fall"
4579,"07/05",62,136,"Fall"
4580,"07/06",62,137,"Fall"
4581,"07/07",63,138,"Fall"
4582,"07/08",63,139,"Fall"
4583,"07/09",64,140,"Fall"
4584,"07/10",64,141,"Fall"
4585,"07/11",64,142,"Fall"
4586,"07/12",65,142,"Fall"
4587,"07/13",65,143,"Fall"
4588,"07/14",66,144,"Fall"
4589,"07/15",66,145,"Fall"
4590,"07/16",67,146,"Fall"
4591,"07/17",67,147,"Fall"
4592,"07/18",67,148,"Fall"
4593,"07/19",68,149,"Fall"
4594,"07/20",68,150,"Fall"
4595,"07/21",69,151,"Fall"
4596,"07/22",69,152,"Fall"
4597,"07/23",70,153,"Fall"
4598,"07/24",70,154,"Fall"
4599,"07/25",71,155,"Fall"
4600,"07/26",71,156,"Fall"
4601,"07/27",72,157,"Fall"
4602,"07/28",72,158,"Fall"
4603,"07/29",72,159,"Fall"
4604,"07/30",73,160,"Fall"
4605,"07/31",73,162,"Fall"
4606,"08/01",74,163,"Fall"
4607,"08/02",74,164,"Fall"
4608,"08/03",75,165,"Fall"
4609,"08/04",75,166,"Fall"
4610,"08/05",76,167,"Fall"
4611,"08/06",76,168,"Fall"
4612,"08/07",77,169,"Fall"
4613,"08/08",77,170,"Fall"
4614,"08/09",78,171,"Fall"
4615,"08/10",78,173,"Fall"
4616,"08/11",79,174,"Fall"
4617,"08/12",79,175,"Fall"
4618,"08/13",80,176,"Fall"
4619,"08/14",80,177,"Fall"
4620,"08/15",81,178,"Fall"
4621,"08/16",82,180,"Fall"
4622,"08/17",82,181,"Fall"
4623,"08/18",83,182,"Fall"
4624,"08/19",83,183,"Fall"
4625,"08/20",84,184,"Fall"
4626,"08/21",84,186,"Fall"
4627,"08/22",85,187,"Fall"
4628,"08/23",85,188,"Fall"
4629,"08/24",86,189,"Fall"
4630,"08/25",87,191,"Fall"
4631,"08/26",87,192,"Fall"
4632,"08/27",88,193,"Fall"
4633,"08/28",88,194,"Fall"
4634,"08/29",89,196,"Fall"
4635,"08/30",89,197,"Fall"
4636,"08/31",90,198,"Fall"
4637,"09/01",91,200,"Fall"
4638,"09/02",91,201,"Fall"
4639,"09/03",92,202,"Fall"
4640,"09/04",92,204,"Fall"
4641,"09/05",93,205,"Fall"
4642,"09/06",94,206,"Fall"
4643,"09/07",94,208,"Fall"
4644,"09/08",95,209,"Fall"
4645,"09/09",95,210,"Fall"
4646,"09/10",96,212,"Fall"
4647,"09/11",97,213,"Fall"
4648,"09/12",97,215,"Fall"
4649,"09/13",98,216,"Fall"
4650,"09/14",99,217,"Fall"
4651,"09/15",99,219,"Fall"
4652,"09/16",100,220,"Fall"
4653,"09/17",101,222,"Fall"
4654,"09/18",101,223,"Fall"
4655,"09/19",102,225,"Fall"
4656,"09/20",103,226,"Fall"
4657,"09/21",103,228,"Fall"
4658,"09/22",104,229,"Fall"
4659,"09/23",105,231,"Fall"
4660,"09/24",105,232,"Fall"
4661,"09/25",106,234,"Fall"
4662,"09/26",107,235,"Fall"
4663,"09/27",107,237,"Fall"
4664,"09/28",108,238,"Fall"
4665,"09/29",109,240,"Fall"
4666,"09/30",110,242,"Fall"
4667,"10/01",110,243,"Fall"
4668,"10/02",111,245,"Fall"
4669,"10/03",112,246,"Fall"
4670,"10/04",112,248,"Fall"
4671,"10/05",113,250,"Fall"
4672,"10/06",114,251,"Fall"
4673,"10/07",115,253,"Fall"
4674,"10/08",115,255,"Fall"
4675,"10/09",116,256,"Fall"
4676,"10/10",117,258,"Fall"
4677,"10/11",118,260,"Fall"
4678,"10/12",119,261,"Fall"
4679,"10/13",119,263,"Fall"
4680,"10/14",120,265,"Fall"
4681,"10/15",121,267,"Fall"
4682,"10/16",122,268,"Fall"
4683,"10/17",123,269,"Fall"
4684,"10/18",123,270,"Fall"
4685,"10/19",124,270,"Fall"
4686,"10/20",125,270,"Fall"
4687,"10/21",126,270,"Fall"
4688,"10/22",127,270,"Fall"
4689,"10/23",127,270,"Fall"
4690,"10/24",128,270,"Fall"
4691,"10/25",129,270,"Fall"
4692,"10/26",130,270,"Fall"
4693,"10/27",131,270,"Fall"
4694,"10/28",132,270,"Fall"
4695,"10/29",133,270,"Fall"
4696,"10/30",133,270,"Fall"
4697,"10/31",134,270,"Fall"
4698,"11/01",135,270,"Fall"
4699,"11/02",136,270,"Fall"
4700,"11/03",137,270,"Fall"
4701,"11/04",138,270,"Fall"
4702,"11/05",139,270,"Fall"
4703,"11/06",140,270,"Fall"
4704,"11/07",141,270,"Fall"
4705,"11/08",142,270,"Fall"
4706,"11/09",143,270,"Fall"
4707,"11/10",143,270,"Fall"
4708,"11/11",144,270,"Fall"
4709,"11/12",145,270,"Fall"
4710,"11/13",146,270,"Fall"
4711,"11/14",147,270,"Fall"
4712,"11/15",148,270,"Fall"
4713,"11/16",149,270,"Fall"
4714,"11/17",150,270,"Fall"
4715,"11/18",151,270,"Fall"
4716,"11/19",152,270,"Fall"
4717,"11/20",153,270,"Fall"
4718,"11/21",154,270,"Fall"
4719,"11/22",155,270,"Fall"
4720,"11/23",156,270,"Fall"
4721,"11/24",157,270,"Fall"
4722,"11/25",158,270,"Fall"
4723,"11/26",159,270,"Fall"
4724,"11/27",160,270,"Fall"
4725,"11/28",161,270,"Fall"
4726,"11/29",163,270,"Fall"
4727,"11/30",164,270,"Fall"
4728,"12/01",165,270,"Fall"
4729,"12/02",166,270,"Fall"
4730,"12/03",167,270,"Fall"
4731,"12/04",168,270,"Fall"
4732,"12/05",169,270,"Fall"
4733,"12/06",170,270,"Fall"
4734,"12/07",171,270,"Fall"
4735,"12/08",172,270,"Fall"
4736,"12/09",174,270,"Fall"
4737,"12/10",175,270,"Fall"
4738,"12/11",176,270,"Fall"
4739,"12/12",177,270,"Fall"
4740,"12/13",178,270,"Fall"
4741,"12/14",179,270,"Fall"
4742,"12/15",181,270,"Fall"
4743,"12/16",182,270,"Fall"
4744,"12/17",183,270,"Fall"
4745,"12/18",184,270,"Fall"
4746,"12/19",185,270,"Fall"
4747,"12/20",187,270,"Fall"
4748,"12/21",188,270,"Fall"
4749,"12/22",189,270,"Fall"
4750,"12/23",190,270,"Fall"
4751,"12/24",192,270,"Fall"
4752,"12/25",193,270,"Fall"
4753,"12/26",194,270,"Fall"
4754,"12/27",195,270,"Fall"
4755,"12/28",197,270,"Fall"
4756,"12/29",198,270,"Fall"
4757,"12/30",199,270,"Fall"
4758,"12/31",201,270,"Fall"
5125,"01/01",156,201,"LateFall"
5126,"01/02",157,202,"LateFall"
5127,"01/03",158,204,"LateFall"
5128,"01/04",159,205,"LateFall"
5129,"01/05",161,206,"LateFall"
5130,"01/06",162,208,"LateFall"
5131,"01/07",163,209,"LateFall"
5132,"01/08",165,210,"LateFall"
5133,"01/09",166,212,"LateFall"
5134,"01/10",167,213,"LateFall"
5135,"01/11",169,215,"LateFall"
5136,"01/12",170,216,"LateFall"
5137,"01/13",172,217,"LateFall"
5138,"01/14",173,219,"LateFall"
5139,"01/15",174,220,"LateFall"
5140,"01/16",176,222,"LateFall"
5141,"01/17",177,223,"LateFall"
5142,"01/18",179,225,"LateFall"
5143,"01/19",180,226,"LateFall"
5144,"01/20",182,228,"LateFall"
5145,"01/21",183,229,"LateFall"
5146,"01/22",185,231,"LateFall"
5147,"01/23",186,232,"LateFall"
5148,"01/24",188,234,"LateFall"
5149,"01/25",189,235,"LateFall"
5150,"01/26",191,237,"LateFall"
5151,"01/27",192,238,"LateFall"
5152,"01/28",194,240,"LateFall"
5153,"01/29",195,242,"LateFall"
5154,"01/30",197,243,"LateFall"
5155,"01/31",199,245,"LateFall"
5156,"02/01",200,246,"LateFall"
5157,"02/02",202,248,"LateFall"
5158,"02/03",203,250,"LateFall"
5159,"02/04",205,251,"LateFall"
5160,"02/05",207,253,"LateFall"
5161,"02/06",208,255,"LateFall"
5162,"02/07",210,256,"LateFall"
5163,"02/08",212,258,"LateFall"
5164,"02/09",214,260,"LateFall"
5165,"02/10",215,261,"LateFall"
5166,"02/11",217,263,"LateFall"
5167,"02/12",219,265,"LateFall"
5168,"02/13",221,267,"LateFall"
5169,"02/14",222,268,"LateFall"
5170,"02/15",224,269,"LateFall"
5171,"02/16",226,270,"LateFall"
5172,"02/17",228,270,"LateFall"
5173,"02/18",230,270,"LateFall"
5174,"02/19",232,270,"LateFall"
5175,"02/20",234,270,"LateFall"
5176,"02/21",235,270,"LateFall"
5177,"02/22",237,270,"LateFall"
5178,"02/23",239,270,"LateFall"
5179,"02/24",241,270,"LateFall"
5180,"02/25",243,270,"LateFall"
5181,"02/26",245,270,"LateFall"
5182,"02/27",247,270,"LateFall"
5183,"02/28",249,270,"LateFall"
5184,"02/29",249,270,"LateFall"
5185,"03/01",251,270,"LateFall"
5186,"03/02",253,270,"LateFall"
5187,"03/03",255,270,"LateFall"
5188,"03/04",257,270,"LateFall"
5189,"03/05",260,270,"LateFall"
5190,"03/06",262,270,"LateFall"
5191,"03/07",264,270,"LateFall"
5192,"03/08",266,270,"LateFall"
5193,"03/09",268,270,"LateFall"
5194,"03/10",270,270,"LateFall"
5216,"04/01",0,32,"LateFall"
5217,"04/02",0,32,"LateFall"
5218,"04/03",0,33,"LateFall"
5219,"04/04",0,33,"LateFall"
5220,"04/05",0,33,"LateFall"
5221,"04/06",0,33,"LateFall"
5222,"04/07",0,33,"LateFall"
5223,"04/08",0,34,"LateFall"
5224,"04/09",0,34,"LateFall"
5225,"04/10",0,34,"LateFall"
5226,"04/11",0,34,"LateFall"
5227,"04/12",0,35,"LateFall"
5228,"04/13",0,35,"LateFall"
5229,"04/14",0,35,"LateFall"
5230,"04/15",0,35,"LateFall"
5231,"04/16",0,36,"LateFall"
5232,"04/17",0,36,"LateFall"
5233,"04/18",0,36,"LateFall"
5234,"04/19",0,36,"LateFall"
5235,"04/20",0,37,"LateFall"
5236,"04/21",0,37,"LateFall"
5237,"04/22",0,37,"LateFall"
5238,"04/23",0,37,"LateFall"
5239,"04/24",0,38,"LateFall"
5240,"04/25",0,38,"LateFall"
5241,"04/26",0,38,"LateFall"
5242,"04/27",0,38,"LateFall"
5243,"04/28",0,39,"LateFall"
5244,"04/29",0,39,"LateFall"
5245,"04/30",0,39,"LateFall"
5246,"05/01",0,39,"LateFall"
5247,"05/02",0,40,"LateFall"
5248,"05/03",0,40,"LateFall"
5249,"05/04",0,40,"LateFall"
5250,"05/05",0,40,"LateFall"
5251,"05/06",0,41,"LateFall"
5252,"05/07",0,41,"LateFall"
5253,"05/08",0,41,"LateFall"
5254,"05/09",0,42,"LateFall"
5255,"05/10",0,42,"LateFall"
5256,"05/11",0,42,"LateFall"
5257,"05/12",0,42,"LateFall"
5258,"05/13",0,43,"LateFall"
5259,"05/14",0,43,"LateFall"
5260,"05/15",0,43,"LateFall"
5261,"05/16",0,44,"LateFall"
5262,"05/17",0,44,"LateFall"
5263,"05/18",0,44,"LateFall"
5264,"05/19",0,44,"LateFall"
5265,"05/20",0,45,"LateFall"
5266,"05/21",0,45,"LateFall"
5267,"05/22",0,45,"LateFall"
5268,"05/23",0,46,"LateFall"
5269,"05/24",0,46,"LateFall"
5270,"05/25",0,46,"LateFall"
5271,"05/26",0,47,"LateFall"
5272,"05/27",0,47,"LateFall"
5273,"05/28",0,47,"LateFall"
5274,"05/29",0,48,"LateFall"
5275,"05/30",0,48,"LateFall"
5276,"05/31",0,48,"LateFall"
5277,"06/01",0,49,"LateFall"
5278,"06/02",0,49,"LateFall"
5279,"06/03",0,49,"LateFall"
5280,"06/04",0,49,"LateFall"
5281,"06/05",0,50,"LateFall"
5282,"06/06",0,50,"LateFall"
5283,"06/07",0,50,"LateFall"
5284,"06/08",0,51,"LateFall"
5285,"06/09",0,51,"LateFall"
5286,"06/10",0,52,"LateFall"
5287,"06/11",0,52,"LateFall"
5288,"06/12",0,52,"LateFall"
5289,"06/13",0,53,"LateFall"
5290,"06/14",0,53,"LateFall"
5291,"06/15",0,53,"LateFall"
5292,"06/16",0,54,"LateFall"
5293,"06/17",0,54,"LateFall"
5294,"06/18",0,54,"LateFall"
5295,"06/19",0,55,"LateFall"
5296,"06/20",0,55,"LateFall"
5297,"06/21",0,55,"LateFall"
5298,"06/22",0,56,"LateFall"
5299,"06/23",0,56,"LateFall"
5300,"06/24",0,57,"LateFall"
5301,"06/25",0,57,"LateFall"
5302,"06/26",0,57,"LateFall"
5303,"06/27",0,58,"LateFall"
5304,"06/28",0,58,"LateFall"
5305,"06/29",0,58,"LateFall"
5306,"06/30",0,59,"LateFall"
5307,"07/01",36,59,"LateFall"
5308,"07/02",36,60,"LateFall"
5309,"07/03",36,60,"LateFall"
5310,"07/04",36,60,"LateFall"
5311,"07/05",37,61,"LateFall"
5312,"07/06",37,61,"LateFall"
5313,"07/07",37,62,"LateFall"
5314,"07/08",38,62,"LateFall"
5315,"07/09",38,63,"LateFall"
5316,"07/10",38,63,"LateFall"
5317,"07/11",38,63,"LateFall"
5318,"07/12",39,64,"LateFall"
5319,"07/13",39,64,"LateFall"
5320,"07/14",39,65,"LateFall"
5321,"07/15",40,65,"LateFall"
5322,"07/16",40,66,"LateFall"
5323,"07/17",40,66,"LateFall"
5324,"07/18",41,66,"LateFall"
5325,"07/19",41,67,"LateFall"
5326,"07/20",41,67,"LateFall"
5327,"07/21",42,68,"LateFall"
5328,"07/22",42,68,"LateFall"
5329,"07/23",42,69,"LateFall"
5330,"07/24",43,69,"LateFall"
5331,"07/25",43,70,"LateFall"
5332,"07/26",43,70,"LateFall"
5333,"07/27",44,71,"LateFall"
5334,"07/28",44,71,"LateFall"
5335,"07/29",44,71,"LateFall"
5336,"07/30",45,72,"LateFall"
5337,"07/31",45,72,"LateFall"
5338,"08/01",45,73,"LateFall"
5339,"08/02",46,73,"LateFall"
5340,"08/03",46,74,"LateFall"
5341,"08/04",47,74,"LateFall"
5342,"08/05",47,75,"LateFall"
5343,"08/06",47,75,"LateFall"
5344,"08/07",48,76,"LateFall"
5345,"08/08",48,76,"LateFall"
5346,"08/09",48,77,"LateFall"
5347,"08/10",49,77,"LateFall"
5348,"08/11",49,78,"LateFall"
5349,"08/12",50,78,"LateFall"
5350,"08/13",50,79,"LateFall"
5351,"08/14",50,79,"LateFall"
5352,"08/15",51,80,"LateFall"
5353,"08/16",51,81,"LateFall"
5354,"08/17",52,81,"LateFall"
5355,"08/18",52,82,"LateFall"
5356,"08/19",52,82,"LateFall"
5357,"08/20",53,83,"LateFall"
5358,"08/21",53,83,"LateFall"
5359,"08/22",54,84,"LateFall"
5360,"08/23",54,84,"LateFall"
5361,"08/24",55,85,"LateFall"
5362,"08/25",55,86,"LateFall"
5363,"08/26",55,86,"LateFall"
5364,"08/27",56,87,"LateFall"
5365,"08/28",56,87,"LateFall"
5366,"08/29",57,88,"LateFall"
5367,"08/30",57,88,"LateFall"
5368,"08/31",58,89,"LateFall"
5369,"09/01",58,90,"LateFall"
5370,"09/02",59,90,"LateFall"
5371,"09/03",59,91,"LateFall"
5372,"09/04",60,91,"LateFall"
5373,"09/05",60,92,"LateFall"
5374,"09/06",61,93,"LateFall"
5375,"09/07",61,93,"LateFall"
5376,"09/08",62,94,"LateFall"
5377,"09/09",62,94,"LateFall"
5378,"09/10",63,95,"LateFall"
5379,"09/11",63,96,"LateFall"
5380,"09/12",64,96,"LateFall"
5381,"09/13",64,97,"LateFall"
5382,"09/14",65,98,"LateFall"
5383,"09/15",65,98,"LateFall"
5384,"09/16",66,99,"LateFall"
5385,"09/17",66,100,"LateFall"
5386,"09/18",67,100,"LateFall"
5387,"09/19",67,101,"LateFall"
5388,"09/20",68,102,"LateFall"
5389,"09/21",68,102,"LateFall"
5390,"09/22",69,103,"LateFall"
5391,"09/23",69,104,"LateFall"
5392,"09/24",70,104,"LateFall"
5393,"09/25",71,105,"LateFall"
5394,"09/26",71,106,"LateFall"
5395,"09/27",72,106,"LateFall"
5396,"09/28",72,107,"LateFall"
5397,"09/29",73,108,"LateFall"
5398,"09/30",73,109,"LateFall"
5399,"10/01",74,109,"LateFall"
5400,"10/02",75,110,"LateFall"
5401,"10/03",75,111,"LateFall"
5402,"10/04",76,111,"LateFall"
5403,"10/05",76,112,"LateFall"
5404,"10/06",77,113,"LateFall"
5405,"10/07",78,114,"LateFall"
5406,"10/08",78,114,"LateFall"
5407,"10/09",79,115,"LateFall"
5408,"10/10",80,116,"LateFall"
5409,"10/11",80,117,"LateFall"
5410,"10/12",81,118,"LateFall"
5411,"10/13",82,118,"LateFall"
5412,"10/14",82,119,"LateFall"
5413,"10/15",83,120,"LateFall"
5414,"10/16",84,121,"LateFall"
5415,"10/17",84,122,"LateFall"
5416,"10/18",85,122,"LateFall"
5417,"10/19",86,123,"LateFall"
5418,"10/20",86,124,"LateFall"
5419,"10/21",87,125,"LateFall"
5420,"10/22",88,126,"LateFall"
5421,"10/23",88,126,"LateFall"
5422,"10/24",89,127,"LateFall"
5423,"10/25",90,128,"LateFall"
5424,"10/26",91,129,"LateFall"
5425,"10/27",91,130,"LateFall"
5426,"10/28",92,131,"LateFall"
5427,"10/29",93,132,"LateFall"
5428,"10/30",94,132,"LateFall"
5429,"10/31",94,133,"LateFall"
5430,"11/01",95,134,"LateFall"
5431,"11/02",96,135,"LateFall"
5432,"11/03",97,136,"LateFall"
5433,"11/04",97,137,"LateFall"
5434,"11/05",98,138,"LateFall"
5435,"11/06",99,139,"LateFall"
5436,"11/07",100,140,"LateFall"
5437,"11/08",101,141,"LateFall"
5438,"11/09",101,142,"LateFall"
5439,"11/10",102,142,"LateFall"
5440,"11/11",103,143,"LateFall"
5441,"11/12",104,144,"LateFall"
5442,"11/13",105,145,"LateFall"
5443,"11/14",106,146,"LateFall"
5444,"11/15",106,147,"LateFall"
5445,"11/16",107,148,"LateFall"
5446,"11/17",108,149,"LateFall"
5447,"11/18",109,150,"LateFall"
5448,"11/19",110,151,"LateFall"
5449,"11/20",111,152,"LateFall"
5450,"11/21",112,153,"LateFall"
5451,"11/22",113,154,"LateFall"
5452,"11/23",114,155,"LateFall"
5453,"11/24",114,156,"LateFall"
5454,"11/25",115,157,"LateFall"
5455,"11/26",116,158,"LateFall"
5456,"11/27",117,159,"LateFall"
5457,"11/28",118,160,"LateFall"
5458,"11/29",119,162,"LateFall"
5459,"11/30",120,163,"LateFall"
5460,"12/01",121,164,"LateFall"
5461,"12/02",122,165,"LateFall"
5462,"12/03",123,166,"LateFall"
5463,"12/04",124,167,"LateFall"
5464,"12/05",125,168,"LateFall"
5465,"12/06",126,169,"LateFall"
5466,"12/07",127,170,"LateFall"
5467,"12/08",128,171,"LateFall"
5468,"12/09",129,173,"LateFall"
5469,"12/10",130,174,"LateFall"
5470,"12/11",131,175,"LateFall"
5471,"12/12",132,176,"LateFall"
5472,"12/13",133,177,"LateFall"
5473,"12/14",135,178,"LateFall"
5474,"12/15",136,180,"LateFall"
5475,"12/16",137,181,"LateFall"
5476,"12/17",138,182,"LateFall"
5477,"12/18",139,183,"LateFall"
5478,"12/19",140,184,"LateFall"
5479,"12/20",141,186,"LateFall"
5480,"12/21",142,187,"LateFall"
5481,"12/22",144,188,"LateFall"
5482,"12/23",145,189,"LateFall"
5483,"12/24",146,191,"LateFall"
5484,"12/25",147,192,"LateFall"
5485,"12/26",148,193,"LateFall"
5486,"12/27",149,194,"LateFall"
5487,"12/28",151,196,"LateFall"
5488,"12/29",152,197,"LateFall"
5489,"12/30",153,198,"LateFall"
5490,"12/31",154,200,"LateFall"
5491,"01/01",58,155,"Winter"
5492,"01/02",59,156,"Winter"
5493,"01/03",59,157,"Winter"
5494,"01/04",60,158,"Winter"
5495,"01/05",60,160,"Winter"
5496,"01/06",61,161,"Winter"
5497,"01/07",61,162,"Winter"
5498,"01/08",62,164,"Winter"
5499,"01/09",62,165,"Winter"
5500,"01/10",63,166,"Winter"
5501,"01/11",63,168,"Winter"
5502,"01/12",64,169,"Winter"
5503,"01/13",64,171,"Winter"
5504,"01/14",65,172,"Winter"
5505,"01/15",65,173,"Winter"
5506,"01/16",66,175,"Winter"
5507,"01/17",66,176,"Winter"
5508,"01/18",67,178,"Winter"
5509,"01/19",68,179,"Winter"
5510,"01/20",68,181,"Winter"
5511,"01/21",69,182,"Winter"
5512,"01/22",69,184,"Winter"
5513,"01/23",70,185,"Winter"
5514,"01/24",70,187,"Winter"
5515,"01/25",71,188,"Winter"
5516,"01/26",71,190,"Winter"
5517,"01/27",72,191,"Winter"
5518,"01/28",73,193,"Winter"
5519,"01/29",73,194,"Winter"
5520,"01/30",74,196,"Winter"
5521,"01/31",74,198,"Winter"
5522,"02/01",75,199,"Winter"
5523,"02/02",76,201,"Winter"
5524,"02/03",76,202,"Winter"
5525,"02/04",77,204,"Winter"
5526,"02/05",78,206,"Winter"
5527,"02/06",78,207,"Winter"
5528,"02/07",79,209,"Winter"
5529,"02/08",79,211,"Winter"
5530,"02/09",80,213,"Winter"
5531,"02/10",81,214,"Winter"
5532,"02/11",81,216,"Winter"
5533,"02/12",82,218,"Winter"
5534,"02/13",83,220,"Winter"
5535,"02/14",83,221,"Winter"
5536,"02/15",84,223,"Winter"
5537,"02/16",85,225,"Winter"
5538,"02/17",86,227,"Winter"
5539,"02/18",86,229,"Winter"
5540,"02/19",87,231,"Winter"
5541,"02/20",88,233,"Winter"
5542,"02/21",88,234,"Winter"
5543,"02/22",89,236,"Winter"
5544,"02/23",90,238,"Winter"
5545,"02/24",91,240,"Winter"
5546,"02/25",91,242,"Winter"
5547,"02/26",92,244,"Winter"
5548,"02/27",93,246,"Winter"
5549,"02/28",94,248,"Winter"
5550,"02/29",94,248,"Winter"
5551,"03/01",94,250,"Winter"
5552,"03/02",95,252,"Winter"
5553,"03/03",96,254,"Winter"
5554,"03/04",97,256,"Winter"
5555,"03/05",97,259,"Winter"
5556,"03/06",98,261,"Winter"
5557,"03/07",99,263,"Winter"
5558,"03/08",100,265,"Winter"
5559,"03/09",101,267,"Winter"
5560,"03/10",101,269,"Winter"
5561,"03/11",102,272,"Winter"
5562,"03/12",103,274,"Winter"
5563,"03/13",104,276,"Winter"
5564,"03/14",105,278,"Winter"
5565,"03/15",106,281,"Winter"
5566,"03/16",107,283,"Winter"
5567,"03/17",107,285,"Winter"
5568,"03/18",108,287,"Winter"
5569,"03/19",109,290,"Winter"
5570,"03/20",110,292,"Winter"
5571,"03/21",111,295,"Winter"
5572,"03/22",112,297,"Winter"
5573,"03/23",113,299,"Winter"
5574,"03/24",114,300,"Winter"
5575,"03/25",115,300,"Winter"
5576,"03/26",116,300,"Winter"
5577,"03/27",117,300,"Winter"
5578,"03/28",118,300,"Winter"
5579,"03/29",118,300,"Winter"
5580,"03/30",119,300,"Winter"
5581,"03/31",120,300,"Winter"
5673,"07/01",0,35,"Winter"
5674,"07/02",0,35,"Winter"
5675,"07/03",0,35,"Winter"
5676,"07/04",0,35,"Winter"
5677,"07/05",0,36,"Winter"
5678,"07/06",0,36,"Winter"
5679,"07/07",0,36,"Winter"
5680,"07/08",0,37,"Winter"
5681,"07/09",0,37,"Winter"
5682,"07/10",0,37,"Winter"
5683,"07/11",0,37,"Winter"
5684,"07/12",0,38,"Winter"
5685,"07/13",0,38,"Winter"
5686,"07/14",0,38,"Winter"
5687,"07/15",0,39,"Winter"
5688,"07/16",0,39,"Winter"
5689,"07/17",0,39,"Winter"
5690,"07/18",0,40,"Winter"
5691,"07/19",0,40,"Winter"
5692,"07/20",0,40,"Winter"
5693,"07/21",0,41,"Winter"
5694,"07/22",0,41,"Winter"
5695,"07/23",0,41,"Winter"
5696,"07/24",0,42,"Winter"
5697,"07/25",0,42,"Winter"
5698,"07/26",0,42,"Winter"
5699,"07/27",0,43,"Winter"
5700,"07/28",0,43,"Winter"
5701,"07/29",0,43,"Winter"
5702,"07/30",0,44,"Winter"
5703,"07/31",0,44,"Winter"
5704,"08/01",0,44,"Winter"
5705,"08/02",0,45,"Winter"
5706,"08/03",0,45,"Winter"
5707,"08/04",0,46,"Winter"
5708,"08/05",0,46,"Winter"
5709,"08/06",0,46,"Winter"
5710,"08/07",0,47,"Winter"
5711,"08/08",0,47,"Winter"
5712,"08/09",0,47,"Winter"
5713,"08/10",0,48,"Winter"
5714,"08/11",0,48,"Winter"
5715,"08/12",0,49,"Winter"
5716,"08/13",0,49,"Winter"
5717,"08/14",0,49,"Winter"
5718,"08/15",0,50,"Winter"
5719,"08/16",0,50,"Winter"
5720,"08/17",0,51,"Winter"
5721,"08/18",0,51,"Winter"
5722,"08/19",0,51,"Winter"
5723,"08/20",0,52,"Winter"
5724,"08/21",0,52,"Winter"
5725,"08/22",0,53,"Winter"
5726,"08/23",0,53,"Winter"
5727,"08/24",0,54,"Winter"
5728,"08/25",0,54,"Winter"
5729,"08/26",0,54,"Winter"
5730,"08/27",0,55,"Winter"
5731,"08/28",0,55,"Winter"
5732,"08/29",0,56,"Winter"
5733,"08/30",0,56,"Winter"
5734,"08/31",0,57,"Winter"
5735,"09/01",0,57,"Winter"
5736,"09/02",0,58,"Winter"
5737,"09/03",0,58,"Winter"
5738,"09/04",0,59,"Winter"
5739,"09/05",0,59,"Winter"
5740,"09/06",0,60,"Winter"
5741,"09/07",0,60,"Winter"
5742,"09/08",0,61,"Winter"
5743,"09/09",0,61,"Winter"
5744,"09/10",0,62,"Winter"
5745,"09/11",0,62,"Winter"
5746,"09/12",0,63,"Winter"
5747,"09/13",0,63,"Winter"
5748,"09/14",0,64,"Winter"
5749,"09/15",0,64,"Winter"
5750,"09/16",0,65,"Winter"
5751,"09/17",0,65,"Winter"
5752,"09/18",0,66,"Winter"
5753,"09/19",0,66,"Winter"
5754,"09/20",0,67,"Winter"
5755,"09/21",0,67,"Winter"
5756,"09/22",0,68,"Winter"
5757,"09/23",0,68,"Winter"
5758,"09/24",0,69,"Winter"
5759,"09/25",0,70,"Winter"
5760,"09/26",0,70,"Winter"
5761,"09/27",0,71,"Winter"
5762,"09/28",0,71,"Winter"
5763,"09/29",0,72,"Winter"
5764,"09/30",0,72,"Winter"
5765,"10/01",0,73,"Winter"
5766,"10/02",0,74,"Winter"
5767,"10/03",0,74,"Winter"
5768,"10/04",0,75,"Winter"
5769,"10/05",0,75,"Winter"
5770,"10/06",0,76,"Winter"
5771,"10/07",0,77,"Winter"
5772,"10/08",0,77,"Winter"
5773,"10/09",0,78,"Winter"
5774,"10/10",0,79,"Winter"
5775,"10/11",0,79,"Winter"
5776,"10/12",30,80,"Winter"
5777,"10/13",30,81,"Winter"
5778,"10/14",31,81,"Winter"
5779,"10/15",31,82,"Winter"
5780,"10/16",31,83,"Winter"
5781,"10/17",31,83,"Winter"
5782,"10/18",32,84,"Winter"
5783,"10/19",32,85,"Winter"
5784,"10/20",32,85,"Winter"
5785,"10/21",32,86,"Winter"
5786,"10/22",33,87,"Winter"
5787,"10/23",33,87,"Winter"
5788,"10/24",33,88,"Winter"
5789,"10/25",33,89,"Winter"
5790,"10/26",34,90,"Winter"
5791,"10/27",34,90,"Winter"
5792,"10/28",34,91,"Winter"
5793,"10/29",35,92,"Winter"
5794,"10/30",35,93,"Winter"
5795,"10/31",35,93,"Winter"
5796,"11/01",35,94,"Winter"
5797,"11/02",36,95,"Winter"
5798,"11/03",36,96,"Winter"
5799,"11/04",36,96,"Winter"
5800,"11/05",37,97,"Winter"
5801,"11/06",37,98,"Winter"
5802,"11/07",37,99,"Winter"
5803,"11/08",38,100,"Winter"
5804,"11/09",38,100,"Winter"
5805,"11/10",38,101,"Winter"
5806,"11/11",38,102,"Winter"
5807,"11/12",39,103,"Winter"
5808,"11/13",39,104,"Winter"
5809,"11/14",39,105,"Winter"
5810,"11/15",40,105,"Winter"
5811,"11/16",40,106,"Winter"
5812,"11/17",40,107,"Winter"
5813,"11/18",41,108,"Winter"
5814,"11/19",41,109,"Winter"
5815,"11/20",41,110,"Winter"
5816,"11/21",42,111,"Winter"
5817,"11/22",42,112,"Winter"
5818,"11/23",42,113,"Winter"
5819,"11/24",43,113,"Winter"
5820,"11/25",43,114,"Winter"
5821,"11/26",43,115,"Winter"
5822,"11/27",44,116,"Winter"
5823,"11/28",44,117,"Winter"
5824,"11/29",45,118,"Winter"
5825,"11/30",45,119,"Winter"
5826,"12/01",45,120,"Winter"
5827,"12/02",46,121,"Winter"
5828,"12/03",46,122,"Winter"
5829,"12/04",46,123,"Winter"
5830,"12/05",47,124,"Winter"
5831,"12/06",47,125,"Winter"
5832,"12/07",48,126,"Winter"
5833,"12/08",48,127,"Winter"
5834,"12/09",48,128,"Winter"
5835,"12/10",49,129,"Winter"
5836,"12/11",49,130,"Winter"
5837,"12/12",50,131,"Winter"
5838,"12/13",50,132,"Winter"
5839,"12/14",50,134,"Winter"
5840,"12/15",51,135,"Winter"
5841,"12/16",51,136,"Winter"
5842,"12/17",52,137,"Winter"
5843,"12/18",52,138,"Winter"
5844,"12/19",52,139,"Winter"
5845,"12/20",53,140,"Winter"
5846,"12/21",53,141,"Winter"
5847,"12/22",54,143,"Winter"
5848,"12/23",54,144,"Winter"
5849,"12/24",55,145,"Winter"
5850,"12/25",55,146,"Winter"
5851,"12/26",56,147,"Winter"
5852,"12/27",56,148,"Winter"
5853,"12/28",56,150,"Winter"
5854,"12/29",57,151,"Winter"
5855,"12/30",57,152,"Winter"
5856,"12/31",58,153,"Winter"
6314,"04/01",121,300,"Winter"
6315,"04/02",122,300,"Winter"
6316,"04/03",123,300,"Winter"
6317,"04/04",124,300,"Winter"
6318,"04/05",125,300,"Winter"
6319,"04/06",126,300,"Winter"
6320,"04/07",128,300,"Winter"
6321,"04/08",129,300,"Winter"
6322,"04/09",130,300,"Winter"
6323,"04/10",131,300,"Winter"
6324,"04/11",132,300,"Winter"
6325,"04/12",133,300,"Winter"
6326,"04/13",134,300,"Winter"
6327,"04/14",135,300,"Winter"
6328,"04/15",136,300,"Winter"
6329,"04/16",137,300,"Winter"
6330,"04/17",138,300,"Winter"
6331,"04/18",139,300,"Winter"
6332,"04/19",141,300,"Winter"
6333,"04/20",142,300,"Winter"
6334,"04/21",143,300,"Winter"
6335,"04/22",144,300,"Winter"
6336,"04/23",145,300,"Winter"
6337,"04/24",146,300,"Winter"
6338,"04/25",148,300,"Winter"
6339,"04/26",149,300,"Winter"
6340,"04/27",150,300,"Winter"
6341,"04/28",151,300,"Winter"
6342,"04/29",153,300,"Winter"
6343,"04/30",154,300,"Winter"
6344,"05/01",155,300,"Winter"
6345,"05/02",156,300,"Winter"
6346,"05/03",158,300,"Winter"
6347,"05/04",159,300,"Winter"
6348,"05/05",160,300,"Winter"
6349,"05/06",162,300,"Winter"
6350,"05/07",163,300,"Winter"
6351,"05/08",164,300,"Winter"
6352,"05/09",166,300,"Winter"
6353,"05/10",167,300,"Winter"
6354,"05/11",168,300,"Winter"
6355,"05/12",170,300,"Winter"
6356,"05/13",171,300,"Winter"
6357,"05/14",172,300,"Winter"
6358,"05/15",174,300,"Winter"
6359,"05/16",175,300,"Winter"
6360,"05/17",177,300,"Winter"
6361,"05/18",178,300,"Winter"
6362,"05/19",180,300,"Winter"
6363,"05/20",181,300,"Winter"
6364,"05/21",183,300,"Winter"
6365,"05/22",184,300,"Winter"
6366,"05/23",186,300,"Winter"
6367,"05/24",187,300,"Winter"
6368,"05/25",189,300,"Winter"
6369,"05/26",190,300,"Winter"
6370,"05/27",192,300,"Winter"
6371,"05/28",193,300,"Winter"
6372,"05/29",195,300,"Winter"
6373,"05/30",196,300,"Winter"
6374,"05/31",198,300,"Winter"
6375,"06/01",200,300,"Winter"
6376,"06/02",201,300,"Winter"
6377,"06/03",203,300,"Winter"
6378,"06/04",205,300,"Winter"
6379,"06/05",206,300,"Winter"
6380,"06/06",208,300,"Winter"
6381,"06/07",210,300,"Winter"
6382,"06/08",211,300,"Winter"
6383,"06/09",213,300,"Winter"
6384,"06/10",215,300,"Winter"
6385,"06/11",217,300,"Winter"
6386,"06/12",218,300,"Winter"
6387,"06/13",220,300,"Winter"
6388,"06/14",222,300,"Winter"
6389,"06/15",224,300,"Winter"
6390,"06/16",226,300,"Winter"
6391,"06/17",228,300,"Winter"
6392,"06/18",229,300,"Winter"
6393,"06/19",231,300,"Winter"
6394,"06/20",233,300,"Winter"
6395,"06/21",235,300,"Winter"
6396,"06/22",237,300,"Winter"
6397,"06/23",239,300,"Winter"
6398,"06/24",241,300,"Winter"
6399,"06/25",243,300,"Winter"
6400,"06/26",245,300,"Winter"
6401,"06/27",247,300,"Winter"
6402,"06/28",249,300,"Winter"
6403,"06/29",251,300,"Winter"
6404,"06/30",253,300,"Winter"
6405,"07/01",255,300,"Winter"
6406,"07/02",257,300,"Winter"
6407,"07/03",259,300,"Winter"
6408,"07/04",261,300,"Winter"
6409,"07/05",263,300,"Winter"
6410,"07/06",266,300,"Winter"
6411,"07/07",268,300,"Winter"
6412,"07/08",270,300,"Winter"
6413,"07/09",272,300,"Winter"
6414,"07/10",274,300,"Winter"
6415,"07/11",277,300,"Winter"
6416,"07/12",279,300,"Winter"
6417,"07/13",281,300,"Winter"
6418,"07/14",284,300,"Winter"
6419,"07/15",286,300,"Winter"
6420,"07/16",288,300,"Winter"
6421,"07/17",291,300,"Winter"
6422,"07/18",293,300,"Winter"
6423,"07/19",295,300,"Winter"
6424,"07/20",298,300,"Winter"
6955,"01/01",41,57,"Spring"
6956,"01/02",41,58,"Spring"
6957,"01/03",41,58,"Spring"
6958,"01/04",41,59,"Spring"
6959,"01/05",42,59,"Spring"
6960,"01/06",42,60,"Spring"
6961,"01/07",42,60,"Spring"
6962,"01/08",43,61,"Spring"
6963,"01/09",43,61,"Spring"
6964,"01/10",43,62,"Spring"
6965,"01/11",43,62,"Spring"
6966,"01/12",44,63,"Spring"
6967,"01/13",44,63,"Spring"
6968,"01/14",44,64,"Spring"
6969,"01/15",45,64,"Spring"
6970,"01/16",45,65,"Spring"
6971,"01/17",45,65,"Spring"
6972,"01/18",45,66,"Spring"
6973,"01/19",46,67,"Spring"
6974,"01/20",46,67,"Spring"
6975,"01/21",46,68,"Spring"
6976,"01/22",47,68,"Spring"
6977,"01/23",47,69,"Spring"
6978,"01/24",47,69,"Spring"
6979,"01/25",48,70,"Spring"
6980,"01/26",48,70,"Spring"
6981,"01/27",48,71,"Spring"
6982,"01/28",49,72,"Spring"
6983,"01/29",49,72,"Spring"
6984,"01/30",49,73,"Spring"
6985,"01/31",50,73,"Spring"
6986,"02/01",50,74,"Spring"
6987,"02/02",50,75,"Spring"
6988,"02/03",50,75,"Spring"
6989,"02/04",51,76,"Spring"
6990,"02/05",51,77,"Spring"
6991,"02/06",51,77,"Spring"
6992,"02/07",52,78,"Spring"
6993,"02/08",52,78,"Spring"
6994,"02/09",53,79,"Spring"
6995,"02/10",53,80,"Spring"
6996,"02/11",53,80,"Spring"
6997,"02/12",54,81,"Spring"
6998,"02/13",54,82,"Spring"
6999,"02/14",54,82,"Spring"
7000,"02/15",55,83,"Spring"
7001,"02/16",55,84,"Spring"
7002,"02/17",55,85,"Spring"
7003,"02/18",56,85,"Spring"
7004,"02/19",56,86,"Spring"
7005,"02/20",56,87,"Spring"
7006,"02/21",57,87,"Spring"
7007,"02/22",57,88,"Spring"
7008,"02/23",58,89,"Spring"
7009,"02/24",58,90,"Spring"
7010,"02/25",58,90,"Spring"
7011,"02/26",59,91,"Spring"
7012,"02/27",59,92,"Spring"
7013,"02/28",59,93,"Spring"
7014,"02/29",59,93,"Spring"
7015,"03/01",60,93,"Spring"
7016,"03/02",60,94,"Spring"
7017,"03/03",61,95,"Spring"
7018,"03/04",61,96,"Spring"
7019,"03/05",61,96,"Spring"
7020,"03/06",62,97,"Spring"
7021,"03/07",62,98,"Spring"
7022,"03/08",63,99,"Spring"
7023,"03/09",63,100,"Spring"
7024,"03/10",64,100,"Spring"
7025,"03/11",64,101,"Spring"
7026,"03/12",64,102,"Spring"
7027,"03/13",65,103,"Spring"
7028,"03/14",65,104,"Spring"
7029,"03/15",66,105,"Spring"
7030,"03/16",66,106,"Spring"
7031,"03/17",67,106,"Spring"
7032,"03/18",67,107,"Spring"
7033,"03/19",67,108,"Spring"
7034,"03/20",68,109,"Spring"
7035,"03/21",68,110,"Spring"
7036,"03/22",69,111,"Spring"
7037,"03/23",69,112,"Spring"
7038,"03/24",70,113,"Spring"
7039,"03/25",70,114,"Spring"
7040,"03/26",71,115,"Spring"
7041,"03/27",71,116,"Spring"
7042,"03/28",72,117,"Spring"
7043,"03/29",72,117,"Spring"
7044,"03/30",72,118,"Spring"
7045,"03/31",73,119,"Spring"
7240,"10/12",0,29,"Spring"
7241,"10/13",0,29,"Spring"
7242,"10/14",0,30,"Spring"
7243,"10/15",0,30,"Spring"
7244,"10/16",0,30,"Spring"
7245,"10/17",0,30,"Spring"
7246,"10/18",0,31,"Spring"
7247,"10/19",0,31,"Spring"
7248,"10/20",0,31,"Spring"
7249,"10/21",0,31,"Spring"
7250,"10/22",0,32,"Spring"
7251,"10/23",0,32,"Spring"
7252,"10/24",0,32,"Spring"
7253,"10/25",0,32,"Spring"
7254,"10/26",0,33,"Spring"
7255,"10/27",0,33,"Spring"
7256,"10/28",0,33,"Spring"
7257,"10/29",0,34,"Spring"
7258,"10/30",0,34,"Spring"
7259,"10/31",0,34,"Spring"
7260,"11/01",0,34,"Spring"
7261,"11/02",0,35,"Spring"
7262,"11/03",0,35,"Spring"
7263,"11/04",0,35,"Spring"
7264,"11/05",0,36,"Spring"
7265,"11/06",0,36,"Spring"
7266,"11/07",0,36,"Spring"
7267,"11/08",0,37,"Spring"
7268,"11/09",0,37,"Spring"
7269,"11/10",0,37,"Spring"
7270,"11/11",0,37,"Spring"
7271,"11/12",0,38,"Spring"
7272,"11/13",0,38,"Spring"
7273,"11/14",0,38,"Spring"
7274,"11/15",0,39,"Spring"
7275,"11/16",0,39,"Spring"
7276,"11/17",0,39,"Spring"
7277,"11/18",0,40,"Spring"
7278,"11/19",0,40,"Spring"
7279,"11/20",0,40,"Spring"
7280,"11/21",0,41,"Spring"
7281,"11/22",0,41,"Spring"
7282,"11/23",0,41,"Spring"
7283,"11/24",0,42,"Spring"
7284,"11/25",0,42,"Spring"
7285,"11/26",0,42,"Spring"
7286,"11/27",0,43,"Spring"
7287,"11/28",0,43,"Spring"
7288,"11/29",0,44,"Spring"
7289,"11/30",0,44,"Spring"
7290,"12/01",33,44,"Spring"
7291,"12/02",33,45,"Spring"
7292,"12/03",34,45,"Spring"
7293,"12/04",34,45,"Spring"
7294,"12/05",34,46,"Spring"
7295,"12/06",34,46,"Spring"
7296,"12/07",34,47,"Spring"
7297,"12/08",35,47,"Spring"
7298,"12/09",35,47,"Spring"
7299,"12/10",35,48,"Spring"
7300,"12/11",35,48,"Spring"
7301,"12/12",36,49,"Spring"
7302,"12/13",36,49,"Spring"
7303,"12/14",36,49,"Spring"
7304,"12/15",36,50,"Spring"
7305,"12/16",37,50,"Spring"
7306,"12/17",37,51,"Spring"
7307,"12/18",37,51,"Spring"
7308,"12/19",37,51,"Spring"
7309,"12/20",38,52,"Spring"
7310,"12/21",38,52,"Spring"
7311,"12/22",38,53,"Spring"
7312,"12/23",38,53,"Spring"
7313,"12/24",39,54,"Spring"
7314,"12/25",39,54,"Spring"
7315,"12/26",39,55,"Spring"
7316,"12/27",39,55,"Spring"
7317,"12/28",40,55,"Spring"
7318,"12/29",40,56,"Spring"
7319,"12/30",40,56,"Spring"
7320,"12/31",40,57,"Spring"
7412,"04/01",73,120,"Spring"
7413,"04/02",74,121,"Spring"
7414,"04/03",74,122,"Spring"
7415,"04/04",75,123,"Spring"
7416,"04/05",75,124,"Spring"
7417,"04/06",76,125,"Spring"
7418,"04/07",76,127,"Spring"
7419,"04/08",77,128,"Spring"
7420,"04/09",77,129,"Spring"
7421,"04/10",78,130,"Spring"
7422,"04/11",78,131,"Spring"
7423,"04/12",79,132,"Spring"
7424,"04/13",79,133,"Spring"
7425,"04/14",80,134,"Spring"
7426,"04/15",80,135,"Spring"
7427,"04/16",81,136,"Spring"
7428,"04/17",82,137,"Spring"
7429,"04/18",82,138,"Spring"
7430,"04/19",83,140,"Spring"
7431,"04/20",83,141,"Spring"
7432,"04/21",84,142,"Spring"
7433,"04/22",84,143,"Spring"
7434,"04/23",85,144,"Spring"
7435,"04/24",85,145,"Spring"
7436,"04/25",86,147,"Spring"
7437,"04/26",87,148,"Spring"
7438,"04/27",87,149,"Spring"
7439,"04/28",88,150,"Spring"
7440,"04/29",88,152,"Spring"
7441,"04/30",89,153,"Spring"
7442,"05/01",89,154,"Spring"
7443,"05/02",90,155,"Spring"
7444,"05/03",91,157,"Spring"
7445,"05/04",91,158,"Spring"
7446,"05/05",92,159,"Spring"
7447,"05/06",92,161,"Spring"
7448,"05/07",93,162,"Spring"
7449,"05/08",94,163,"Spring"
7450,"05/09",94,165,"Spring"
7451,"05/10",95,166,"Spring"
7452,"05/11",95,167,"Spring"
7453,"05/12",96,169,"Spring"
7454,"05/13",97,170,"Spring"
7455,"05/14",97,171,"Spring"
7456,"05/15",98,173,"Spring"
7457,"05/16",99,174,"Spring"
7458,"05/17",99,176,"Spring"
7459,"05/18",100,177,"Spring"
7460,"05/19",101,179,"Spring"
7461,"05/20",101,180,"Spring"
7462,"05/21",102,182,"Spring"
7463,"05/22",103,183,"Spring"
7464,"05/23",103,185,"Spring"
7465,"05/24",104,186,"Spring"
7466,"05/25",105,188,"Spring"
7467,"05/26",105,189,"Spring"
7468,"05/27",106,191,"Spring"
7469,"05/28",107,192,"Spring"
7470,"05/29",107,194,"Spring"
7471,"05/30",108,195,"Spring"
7472,"05/31",109,197,"Spring"
7473,"06/01",110,199,"Spring"
7474,"06/02",110,200,"Spring"
7475,"06/03",111,202,"Spring"
7476,"06/04",112,204,"Spring"
7477,"06/05",112,205,"Spring"
7478,"06/06",113,207,"Spring"
7479,"06/07",114,209,"Spring"
7480,"06/08",115,210,"Spring"
7481,"06/09",115,212,"Spring"
7482,"06/10",116,214,"Spring"
7483,"06/11",117,216,"Spring"
7484,"06/12",118,217,"Spring"
7485,"06/13",119,219,"Spring"
7486,"06/14",119,221,"Spring"
7487,"06/15",120,223,"Spring"
7488,"06/16",121,225,"Spring"
7489,"06/17",122,227,"Spring"
7490,"06/18",123,228,"Spring"
7491,"06/19",123,230,"Spring"
7492,"06/20",124,232,"Spring"
7493,"06/21",125,234,"Spring"
7494,"06/22",126,236,"Spring"
7495,"06/23",127,238,"Spring"
7496,"06/24",127,240,"Spring"
7497,"06/25",128,242,"Spring"
7498,"06/26",129,244,"Spring"
7499,"06/27",130,246,"Spring"
7500,"06/28",131,248,"Spring"
7501,"06/29",132,250,"Spring"
7502,"06/30",133,252,"Spring"
7503,"07/01",133,254,"Spring"
7504,"07/02",134,256,"Spring"
7505,"07/03",135,258,"Spring"
7506,"07/04",136,260,"Spring"
7507,"07/05",137,262,"Spring"
7508,"07/06",138,265,"Spring"
7509,"07/07",139,267,"Spring"
7510,"07/08",140,269,"Spring"
7511,"07/09",141,271,"Spring"
7512,"07/10",142,273,"Spring"
7513,"07/11",143,276,"Spring"
7514,"07/12",143,278,"Spring"
7515,"07/13",144,280,"Spring"
7516,"07/14",145,283,"Spring"
7517,"07/15",146,285,"Spring"
7518,"07/16",147,287,"Spring"
7519,"07/17",148,290,"Spring"
7520,"07/18",149,292,"Spring"
7521,"07/19",150,294,"Spring"
7522,"07/20",151,297,"Spring"
7523,"07/21",152,300,"Spring"
7524,"07/22",153,300,"Spring"
7525,"07/23",154,300,"Spring"
7526,"07/24",155,300,"Spring"
7527,"07/25",156,300,"Spring"
7528,"07/26",157,300,"Spring"
7529,"07/27",158,300,"Spring"
7530,"07/28",159,300,"Spring"
7531,"07/29",160,300,"Spring"
7532,"07/30",161,300,"Spring"
7533,"07/31",163,300,"Spring"
7534,"08/01",164,300,"Spring"
7535,"08/02",165,300,"Spring"
7536,"08/03",166,300,"Spring"
7537,"08/04",167,300,"Spring"
7538,"08/05",168,300,"Spring"
7539,"08/06",169,300,"Spring"
7540,"08/07",170,300,"Spring"
7541,"08/08",171,300,"Spring"
7542,"08/09",172,300,"Spring"
7543,"08/10",174,300,"Spring"
7544,"08/11",175,300,"Spring"
7545,"08/12",176,300,"Spring"
7546,"08/13",177,300,"Spring"
7547,"08/14",178,300,"Spring"
7548,"08/15",179,300,"Spring"
7549,"08/16",181,300,"Spring"
7550,"08/17",182,300,"Spring"
7551,"08/18",183,300,"Spring"
7552,"08/19",184,300,"Spring"
7553,"08/20",185,300,"Spring"
7554,"08/21",187,300,"Spring"
7555,"08/22",188,300,"Spring"
7556,"08/23",189,300,"Spring"
7557,"08/24",190,300,"Spring"
7558,"08/25",192,300,"Spring"
7559,"08/26",193,300,"Spring"
7560,"08/27",194,300,"Spring"
7561,"08/28",195,300,"Spring"
7562,"08/29",197,300,"Spring"
7563,"08/30",198,300,"Spring"
7564,"08/31",199,300,"Spring"
7565,"09/01",201,300,"Spring"
7566,"09/02",202,300,"Spring"
7567,"09/03",203,300,"Spring"
7568,"09/04",205,300,"Spring"
7569,"09/05",206,300,"Spring"
7570,"09/06",207,300,"Spring"
7571,"09/07",209,300,"Spring"
7572,"09/08",210,300,"Spring"
7573,"09/09",211,300,"Spring"
7574,"09/10",213,300,"Spring"
7575,"09/11",214,300,"Spring"
7576,"09/12",216,300,"Spring"
7577,"09/13",217,300,"Spring"
7578,"09/14",218,300,"Spring"
7579,"09/15",220,300,"Spring"
7580,"09/16",221,300,"Spring"
7581,"09/17",223,300,"Spring"
7582,"09/18",224,300,"Spring"
7583,"09/19",226,300,"Spring"
7584,"09/20",227,300,"Spring"
7585,"09/21",229,300,"Spring"
7586,"09/22",230,300,"Spring"
7587,"09/23",232,300,"Spring"
7588,"09/24",233,300,"Spring"
7589,"09/25",235,300,"Spring"
7590,"09/26",236,300,"Spring"
7591,"09/27",238,300,"Spring"
7592,"09/28",239,300,"Spring"
7593,"09/29",241,300,"Spring"
7594,"09/30",243,300,"Spring"
7595,"10/01",244,300,"Spring"
7596,"10/02",246,300,"Spring"
7597,"10/03",247,300,"Spring"
7598,"10/04",249,300,"Spring"
7599,"10/05",251,300,"Spring"
7600,"10/06",252,300,"Spring"
7601,"10/07",254,300,"Spring"
7602,"10/08",256,300,"Spring"
7603,"10/09",257,300,"Spring"
7604,"10/10",259,300,"Spring"
7605,"10/11",261,300,"Spring"
7606,"10/12",262,300,"Spring"
7607,"10/13",264,300,"Spring"
7608,"10/14",266,300,"Spring"
7609,"10/15",268,300,"Spring"
7610,"10/16",269,300,"Spring"
7611,"10/17",270,300,"Spring"
